Case ID,Course,Teaching session,Title,Skill,Lab activity,Theory only,Review status
L1-01,PN1006,1,A safe start to personal care,Infection prevention,Hand hygiene and PPE selection,False,Faculty review pending
L1-02,PN1006,3,The transfer plan has changed,Mobility and transfers,Assisted positioning and transfer preparation,False,Faculty review pending
L1-03,PN1006,3,Comfort during a long morning in bed,Positioning and skin protection,Positioning and range of motion,False,Faculty review pending
L1-04,PN1006,5,A bath on the patient’s terms,Personal care and consent,Partial bath and assisted dressing,False,Faculty review pending
L1-05,PN1006,5,Oral care with a tired patient,Oral hygiene,Oral care setup,False,Faculty review pending
L1-06,PN1006,9,Privacy and urinary elimination,Urinary elimination,Urinal assistance and output measurement,False,Faculty review pending
L1-07,PN1006,9,Before giving the ordered enema,Bowel care,Bowel assessment and enema preparation,False,Faculty review pending
L1-08,PN1006,11,Lunch and a swallowing concern,Assisted feeding,Assisted feeding preparation,False,Faculty review pending
L1-09,PN1006,15,A vital-sign result that needs checking,Vital signs,Vital-sign measurement,False,Faculty review pending
L1-10,PN1006,15,A complete assessment includes listening,Head-to-toe assessment,Basic assessment and documentation,False,Faculty review pending
L1-11,PN1006,17,A simple dressing with a new concern,Clean wound care,Clean dressing preparation,False,Faculty review pending
L1-12,PN1006,19,A topical medication and a question,Topical medication,Topical medication preparation,False,Faculty review pending
L2-01,PN2006,1,An unfamiliar room and an unsafe pathway,Falls prevention,Environmental safety assessment,False,Faculty review pending
L2-02,PN2006,5,New confusion is a change to assess,Older-adult assessment,Focused assessment and handover,False,Faculty review pending
L2-03,PN2006,5,Pain when words are difficult,Pain assessment,Pain assessment and comfort measures,False,Faculty review pending
L2-04,PN2006,7,An enteral feed that needs a pause,Enteral feeding,Enteral feed preparation,False,Faculty review pending
L2-05,PN2006,7,An established ostomy and sore skin,Established ostomy care,Established ostomy appliance care,False,Faculty review pending
L2-06,PN2006,9,Oxygen tubing and a changing patient,Oxygen therapy,Respiratory assessment and oxygen equipment,False,Faculty review pending
L2-07,PN2006,9,Secretions and suction preparation,Oral suctioning,Oral suction setup,False,Faculty review pending
L2-08,PN2006,15,A sterile field interrupted,Sterile wound care,Sterile field and simple dressing,False,Faculty review pending
L2-09,PN2006,17,A specimen without a reliable label,Specimen collection,Specimen identification and collection,False,Faculty review pending
L2-10,PN2006,21,A medication that should not be guessed,Oral medication safety,Medication verification and documentation,False,Faculty review pending
L2-11,PN2006,25,Insulin when the meal has changed,Blood glucose and insulin safety,Glucose monitoring and insulin preparation,False,Faculty review pending
L2-12,PN2006,27,Comfort and family concerns,Palliative care,Comfort assessment and reassessment,False,Faculty review pending
L3-01,PN3006,1,A home visit and a safety concern,Risk assessment and communication,Environmental risk assessment role-play,False,Faculty review pending
L3-02,PN3006,3,An immunization question that matters,Immunization screening,Immunization screening role-play,False,Faculty review pending
L3-03,PN3006,5,A surgical wound looks different,Surgical wound assessment,Surgical dressing preparation,False,Faculty review pending
L3-04,PN3006,7,An IV site that hurts,Peripheral IV assessment,Peripheral IV site assessment,False,Faculty review pending
L3-05,PN3006,7,Preparing the prescribed infusion,IV equipment and rate verification,IV tubing and pump preparation,False,Faculty review pending
L3-06,PN3006,7,A change during a blood transfusion,Blood-product monitoring,Transfusion monitoring and escalation role-play,False,Faculty review pending
L3-07,PN3006,11,Catheterization and consent,Urinary catheterization,Catheterization on a task trainer,False,Faculty review pending
L3-08,PN3006,11,A catheter with little drainage,Catheter assessment,Drainage-system assessment,False,Faculty review pending
L3-09,PN3006,15,A postpartum concern during care,Postpartum assessment,Postpartum assessment and escalation role-play,False,Faculty review pending
L3-10,PN3006,17,A newborn who is feeding differently,Newborn assessment,Parent interview and newborn observation role-play,False,Faculty review pending
L3-11,PN3006,17,A pediatric medication calculation discrepancy,Pediatric medication safety,Medication calculation and verification exercise,False,Faculty review pending
L3-12,PN3006,19,Medication concerns and a therapeutic conversation,Mental health communication,Therapeutic interview and handover,False,Faculty review pending
L4-01,PN4006,5,"Fluids, symptoms, and a changing condition",Fluid balance and escalation,Focused assessment and fluid-balance handover,False,Faculty review pending
L4-02,PN4006,5,IV insertion: knowing the learning limit,IV insertion theory,IV insertion knowledge and preparation discussion,True,Faculty review pending
L4-03,PN4006,7,A chest drainage system and new breathlessness,Chest tube observation,Chest drainage observation and escalation,False,Faculty review pending
L4-04,PN4006,7,Tracheostomy care and a breathing concern,Tracheostomy assessment,Tracheostomy observation and emergency role-play,False,Faculty review pending
L4-05,PN4006,9,Chest discomfort during routine observations,Cardiovascular assessment,Focused cardiovascular assessment and SBAR,False,Faculty review pending
L4-06,PN4006,11,A surgical drain with a new finding,Drain assessment,Drain observation and output measurement,False,Faculty review pending
L4-07,PN4006,11,Before removing staples,Staple removal and wound assessment,Wound assessment and staple-removal preparation,False,Faculty review pending
L4-08,PN4006,15,Bladder irrigation and unexpected discomfort,Bladder irrigation monitoring,Irrigation input and output exercise,False,Faculty review pending
L4-09,PN4006,17,Nasogastric care: a change in the tube,Nasogastric tube monitoring,Nasogastric observation and maintenance planning,False,Faculty review pending
L4-10,PN4006,21,A new neurological change,Neurological assessment,Focused neurological observations and escalation,False,Faculty review pending
L4-11,PN4006,23,Postoperative pain and unexpected drowsiness,Postoperative assessment,Postoperative assessment and medication safety,False,Faculty review pending
L4-12,PN4006,27,A handover with an unclear order,Handover and order clarification,SBAR and transfer-of-accountability role-play,False,Faculty review pending
